{"cameraMode":{"drawMode":0,"name":"Shaded","section":"Shading Mode"},"sceneLighting":false,"audioPlay":false,"sceneViewState":{"showFog":true,"showMaterialUpdate":true,"showSkybox":true,"showFlares":true,"showImageEffects":true,"showParticleSystems":true},"in2DMode":false,"pivot":{"x":-64.92544555664063,"y":35.354408264160159,"z":2.7805023193359377},"rotation":{"x":0.11128924787044525,"y":0.3071846067905426,"z":-0.036273129284381869,"w":0.9445245862007141},"size":24.304100036621095,"orthographic":false}