{"cameraMode":{"drawMode":0,"name":"Shaded","section":"Shading Mode"},"sceneLighting":false,"audioPlay":false,"sceneViewState":{"showFog":true,"showMaterialUpdate":true,"showSkybox":false,"showFlares":true,"showImageEffects":true,"showParticleSystems":true},"in2DMode":false,"pivot":{"x":16.1639461517334,"y":2.8637237548828127,"z":-1.6798944473266602},"rotation":{"x":0.08269497752189636,"y":0.9169011116027832,"z":-0.26148614287376406,"w":0.2899734377861023},"size":27.414188385009767,"orthographic":false}